timestamp,mem_allocated_public,mem_requested_public,cpu_allocated_public,cpu_requested_public,cluster_mem_load_public,cluster_cpu_load_public,cluster_cpu_capacity_public,cluster_memory_capacity_public,number_pending_public_x,mem_allocated_private,mem_requested_private,cpu_allocated_private,cpu_requested_private,cluster_mem_load_private,cluster_cpu_load_private,cluster_cpu_capacity_private,cluster_memory_capacity_private,number_pending_private_x,time_seconds,number_of_pods_pending,number_pending_private_y,number_pending_public_y,total_percent_pending,cpu_load_public,mem_load_public,cpu_load_private,mem_load_private,cost_public,cost_public_hourly,cost_private,cost_private_hourly,cost_total,cumulative_cost_public,cumulative_cost_private,cumulative_cost_total
2026-08-11 11:35:22,119.77748437499999,119.77748437499999,59.88419999999999,59.88419999999999,119.77748437499999,59.88419999999999,232.56,469.71562500000005,0,0.0,0.0,0.0,0.0,0.0,0.0,232.56,469.71562500000005,0,0.0,0,0,0,0.0,0.206,0.204,0.0,0.0,0.08512,10.2144,0.08512,10.2144,0.17024,0.08512,0.08512,0.17024
2026-08-11 11:35:52,119.77748437499999,119.77748437499999,59.88419999999999,59.88419999999999,119.77748437499999,59.88419999999999,232.56,469.71562500000005,0,0.0,0.0,0.0,0.0,0.0,0.0,232.56,469.71562500000005,0,30.0,0,0,0,0.0,0.206,0.204,0.0,0.0,0.08512,10.2144,0.08512,10.2144,0.17024,0.17024,0.17024,0.34048
2026-08-11 11:36:22,143.85041015625,143.85041015625,71.8029,71.8029,143.85041015625,71.8029,232.56,469.71562500000005,0,35.81581640625,35.81581640625,17.732699999999998,17.732699999999998,35.81581640625,17.732699999999998,232.56,469.71562500000005,0,60.0,0,0,0,0.0,0.247,0.245,0.061,0.061,0.08512,10.2144,0.08512,10.2144,0.17024,0.25536000000000003,0.25536000000000003,0.5107200000000001
2026-08-11 11:36:52,167.92333593749998,167.92333593749998,83.7216,83.7216,167.92333593749998,83.7216,232.56,469.71562500000005,0,71.6316328125,71.6316328125,35.756099999999996,35.756099999999996,71.6316328125,35.756099999999996,232.56,469.71562500000005,0,90.0,0,0,0,0.0,0.288,0.286,0.123,0.122,0.08512,10.2144,0.08512,10.2144,0.17024,0.34048,0.34048,0.68096
2026-08-11 11:37:22,203.73915234375,203.73915234375,101.74499999999999,101.74499999999999,203.73915234375,101.74499999999999,232.56,469.71562500000005,0,95.70455859375001,95.70455859375001,47.9655,47.9655,95.70455859375001,47.9655,232.56,469.71562500000005,0,120.0,0,0,0,0.0,0.35,0.347,0.165,0.163,0.08512,10.2144,0.08512,10.2144,0.17024,0.4256,0.4256,0.8512
2026-08-11 11:37:52,203.73915234375,203.73915234375,101.74499999999999,101.74499999999999,203.73915234375,101.74499999999999,232.56,469.71562500000005,0,155.59330078125,155.59330078125,77.9076,77.9076,155.59330078125,77.9076,232.56,469.71562500000005,0,150.0,0,0,0,0.0,0.35,0.347,0.268,0.265,0.08512,10.2144,0.08512,10.2144,0.17024,0.51072,0.51072,1.02144
2026-08-11 11:38:22,263.62789453125,263.62789453125,131.9778,131.9778,263.62789453125,131.9778,232.56,469.71562500000005,0,155.59330078125,155.59330078125,77.9076,77.9076,155.59330078125,77.9076,232.56,469.71562500000005,0,180.0,0,0,0,0.0,0.454,0.449,0.268,0.265,0.08512,10.2144,0.08512,10.2144,0.17024,0.5958399999999999,0.5958399999999999,1.1916799999999999
2026-08-11 11:38:52,263.62789453125,263.62789453125,131.9778,131.9778,263.62789453125,131.9778,232.56,469.71562500000005,0,215.48204296875,215.48204296875,107.8497,107.8497,215.48204296875,107.8497,232.56,469.71562500000005,0,210.0,0,0,0,0.0,0.454,0.449,0.371,0.367,0.08512,10.2144,0.08512,10.2144,0.17024,0.6809599999999999,0.6809599999999999,1.3619199999999998
2026-08-11 11:39:22,299.4437109375,299.4437109375,149.7105,149.7105,299.4437109375,149.7105,232.56,469.71562500000005,0,239.55496874999997,239.55496874999997,119.76839999999999,119.76839999999999,239.55496874999997,119.76839999999999,232.56,469.71562500000005,0,240.0,0,0,0,0.0,0.515,0.51,0.412,0.408,0.08512,10.2144,0.08512,10.2144,0.17024,0.7660799999999999,0.7660799999999999,1.5321599999999997
2026-08-11 11:39:52,359.91959765625,359.91959765625,179.9433,179.9433,359.91959765625,179.9433,232.56,469.71562500000005,0,239.55496874999997,239.55496874999997,119.76839999999999,119.76839999999999,239.55496874999997,119.76839999999999,232.56,469.71562500000005,0,270.0,0,0,0,0.0,0.619,0.613,0.412,0.408,0.08512,10.2144,0.08512,10.2144,0.17024,0.8511999999999998,0.8511999999999998,1.7023999999999997
2026-08-11 11:40:22,359.91959765625,359.91959765625,179.9433,179.9433,359.91959765625,179.9433,232.56,469.71562500000005,0,299.4437109375,299.4437109375,149.7105,149.7105,299.4437109375,149.7105,232.56,469.71562500000005,0,300.0,0,0,0,0.0,0.619,0.613,0.515,0.51,0.08512,10.2144,0.08512,10.2144,0.17024,0.9363199999999998,0.9363199999999998,1.8726399999999996
2026-08-11 11:40:52,383.99252343750004,383.99252343750004,191.862,191.862,383.99252343750004,191.862,232.56,469.71562500000005,0,335.84667187499997,335.84667187499997,167.73389999999998,167.73389999999998,335.84667187499997,167.73389999999998,232.56,469.71562500000005,0,330.0,0,0,0,0.0,0.66,0.654,0.577,0.572,0.08512,10.2144,0.08512,10.2144,0.17024,1.02144,1.02144,2.04288
2026-08-11 11:41:22,383.99252343750004,383.99252343750004,191.862,191.862,383.99252343750004,191.862,232.56,469.71562500000005,0,395.7354140625,395.7354140625,197.9667,197.9667,395.7354140625,197.9667,232.56,469.71562500000005,0,360.0,0,0,0,0.0,0.66,0.654,0.681,0.674,0.08512,10.2144,0.08512,10.2144,0.17024,1.10656,1.10656,2.21312
2026-08-11 11:41:52,407.4783046875,407.4783046875,203.78069999999997,203.78069999999997,407.4783046875,203.78069999999997,232.56,469.71562500000005,0,431.55123046875,431.55123046875,215.99009999999998,215.99009999999998,431.55123046875,215.99009999999998,232.56,469.71562500000005,0,390.0,0,0,0,0.0,0.701,0.694,0.743,0.735,0.08512,10.2144,0.08512,10.2144,0.17024,1.19168,1.19168,2.38336
2026-08-11 11:42:22,407.4783046875,407.4783046875,203.78069999999997,203.78069999999997,407.4783046875,203.78069999999997,232.56,469.71562500000005,0,491.43997265625,491.43997265625,245.9322,245.9322,491.43997265625,245.9322,232.56,469.71562500000005,0,420.0,0,0,0,0.0,0.701,0.694,0.846,0.837,0.08512,10.2144,0.08512,10.2144,0.17024,1.2768000000000002,1.2768000000000002,2.5536000000000003
2026-08-11 11:42:52,419.80833984375,419.80833984375,209.88539999999998,209.88539999999998,419.80833984375,209.88539999999998,232.56,469.71562500000005,0,531.9529453125,539.5858242187501,265.9905,269.7696,531.9529453125,265.9905,232.56,469.71562500000005,4,450.0,4,4,0,0.008333333333333333,0.722,0.715,0.915,0.906,0.08512,10.2144,0.08512,10.2144,0.17024,1.3619200000000002,1.3619200000000002,2.7238400000000005
2026-08-11 11:43:22,419.80833984375,419.80833984375,209.88539999999998,209.88539999999998,419.80833984375,209.88539999999998,232.56,469.71562500000005,0,531.9529453125,599.4745664062499,265.9905,299.71169999999995,531.9529453125,265.9905,232.56,469.71562500000005,34,480.0,34,34,0,0.06666666666666667,0.722,0.715,0.915,0.906,0.08512,10.2144,0.08512,10.2144,0.17024,1.4470400000000003,1.4470400000000003,2.8940800000000007
2026-08-11 11:43:52,531.9734765625,539.81435546875,265.843,269.7261,531.9734765625,265.843,238.96,482.515625,4,531.9529453125,659.9504531250001,265.9905,329.9445,531.9529453125,265.9905,232.56,469.71562500000005,64,510.0,68,64,4,0.11333333333333333,0.89,0.882,0.915,0.906,0.08736,10.4832,0.08512,10.2144,0.17248,1.5344000000000002,1.5321600000000004,3.066560000000001
2026-08-11 11:44:22,539.92575,539.92575,269.70840000000004,269.70840000000004,539.92575,269.70840000000004,238.68000000000004,482.0765625,0,531.9529453125,659.9504531250001,265.9905,329.9445,531.9529453125,265.9905,232.56,469.71562500000005,64,540.0,64,64,0,0.10666666666666667,0.904,0.896,0.915,0.906,0.08736,10.4832,0.08512,10.2144,0.17248,1.62176,1.6172800000000005,3.239040000000001
2026-08-11 11:44:52,539.92575,539.92575,269.70840000000004,269.70840000000004,539.92575,269.70840000000004,238.68000000000004,482.0765625,0,531.9529453125,659.9504531250001,265.9905,329.9445,531.9529453125,265.9905,232.56,469.71562500000005,64,570.0,64,64,0,0.10666666666666667,0.904,0.896,0.915,0.906,0.08736,10.4832,0.08512,10.2144,0.17248,1.70912,1.7024000000000006,3.411520000000001
2026-08-11 11:45:22,539.92575,539.92575,269.70840000000004,269.70840000000004,539.92575,269.70840000000004,238.68000000000004,482.0765625,0,531.9529453125,659.9504531250001,265.9905,329.9445,531.9529453125,265.9905,232.56,469.71562500000005,64,600.0,64,64,0,0.10666666666666667,0.904,0.896,0.915,0.906,0.08736,10.4832,0.08512,10.2144,0.17248,1.7964799999999999,1.7875200000000007,3.5840000000000014
2026-08-11 11:45:52,539.92575,539.92575,269.70840000000004,269.70840000000004,539.92575,269.70840000000004,238.68000000000004,482.0765625,0,531.9529453125,659.9504531250001,265.9905,329.9445,531.9529453125,265.9905,232.56,469.71562500000005,64,630.0,64,64,0,0.10666666666666667,0.904,0.896,0.915,0.906,0.08736,10.4832,0.08512,10.2144,0.17248,1.8838399999999997,1.8726400000000007,3.7564800000000016
2026-08-11 11:46:22,539.92575,539.92575,269.70840000000004,269.70840000000004,539.92575,269.70840000000004,238.68000000000004,482.0765625,0,531.9529453125,659.9504531250001,265.9905,329.9445,531.9529453125,265.9905,232.56,469.71562500000005,64,660.0,64,64,0,0.10666666666666667,0.904,0.896,0.915,0.906,0.08736,10.4832,0.08512,10.2144,0.17248,1.9711999999999996,1.9577600000000008,3.928960000000002
2026-08-11 11:46:52,539.92575,539.92575,269.70840000000004,269.70840000000004,539.92575,269.70840000000004,238.68000000000004,482.0765625,0,531.9529453125,659.9504531250001,265.9905,329.9445,531.9529453125,265.9905,232.56,469.71562500000005,64,690.0,64,64,0,0.10666666666666667,0.904,0.896,0.915,0.906,0.08736,10.4832,0.08512,10.2144,0.17248,2.0585599999999995,2.0428800000000007,4.101440000000002
2026-08-11 11:47:22,519.43749609375,521.84787890625,259.86285000000004,260.7579,519.43749609375,259.86285000000004,238.68000000000004,482.0765625,0,525.49435546875,651.7304296875001,262.7928,325.87469999999996,525.49435546875,262.7928,232.56,469.71562500000005,63,720.0,63,63,0,0.14,0.871,0.862,0.904,0.895,0.08736,10.4832,0.08512,10.2144,0.17248,2.1459199999999994,2.1280000000000006,4.273920000000002
2026-08-11 11:47:52,335.64580664062504,335.64580664062504,167.97105,167.97105,335.64580664062504,167.97105,238.68000000000004,482.0765625,0,513.75146484375,553.67729296875,256.9788,276.7464,513.75146484375,256.9788,232.56,469.71562500000005,20,750.0,20,20,0,0.047619047619047616,0.563,0.557,0.884,0.875,0.08736,10.4832,0.08512,10.2144,0.17248,2.2332799999999993,2.2131200000000004,4.446400000000002
2026-08-11 11:48:22,335.64580664062504,335.64580664062504,167.97105,167.97105,335.64580664062504,167.97105,238.68000000000004,482.0765625,0,503.7700078125,503.7700078125,251.7462,251.7462,503.7700078125,251.7462,232.56,469.71562500000005,0,780.0,0,0,0,0.0,0.563,0.557,0.866,0.858,0.08736,10.4832,0.08512,10.2144,0.17248,2.320639999999999,2.2982400000000003,4.6188800000000025
2026-08-11 11:48:52,329.619849609375,329.619849609375,164.98755000000003,164.98755000000003,329.619849609375,164.98755000000003,238.68000000000004,482.0765625,0,503.7700078125,503.7700078125,251.7462,251.7462,503.7700078125,251.7462,232.56,469.71562500000005,0,810.0,0,0,0,0.0,0.553,0.547,0.866,0.858,0.08736,10.4832,0.08512,10.2144,0.17248,2.407999999999999,2.38336,4.791360000000003
2026-08-11 11:49:22,275.98883203125,275.98883203125,137.8377,137.8377,275.98883203125,137.8377,238.68000000000004,482.0765625,0,487.91710546875,487.91710546875,243.89729999999997,243.89729999999997,487.91710546875,243.89729999999997,232.56,469.71562500000005,0,840.0,0,0,0,0.0,0.462,0.458,0.839,0.831,0.08736,10.4832,0.08512,10.2144,0.17248,2.495359999999999,2.46848,4.963840000000003
2026-08-11 11:49:52,275.98883203125,275.98883203125,137.8377,137.8377,275.98883203125,137.8377,238.68000000000004,482.0765625,0,443.881265625,443.881265625,221.8041,221.8041,443.881265625,221.8041,232.56,469.71562500000005,0,870.0,0,0,0,0.0,0.462,0.458,0.763,0.756,0.08736,10.4832,0.08512,10.2144,0.17248,2.582719999999999,2.5536,5.136320000000003
2026-08-11 11:50:22,251.88500390624998,251.88500390624998,125.9037,125.9037,251.88500390624998,125.9037,238.68000000000004,482.0765625,0,443.881265625,443.881265625,221.8041,221.8041,443.881265625,221.8041,232.56,469.71562500000005,0,900.0,0,0,0,0.0,0.422,0.418,0.763,0.756,0.08736,10.4832,0.08512,10.2144,0.17248,2.6700799999999987,2.6387199999999997,5.308800000000003
2026-08-11 11:50:52,179.57351953124999,179.57351953124999,89.80335000000001,89.80335000000001,179.57351953124999,89.80335000000001,238.68000000000004,482.0765625,0,419.80833984375,419.80833984375,209.88539999999998,209.88539999999998,419.80833984375,209.88539999999998,232.56,469.71562500000005,0,930.0,0,0,0,0.0,0.301,0.298,0.722,0.715,0.08736,10.4832,0.08512,10.2144,0.17248,2.7574399999999986,2.7238399999999996,5.4812800000000035
2026-08-11 11:51:22,179.57351953124999,179.57351953124999,89.80335000000001,89.80335000000001,179.57351953124999,89.80335000000001,238.68000000000004,482.0765625,0,419.80833984375,419.80833984375,209.88539999999998,209.88539999999998,419.80833984375,209.88539999999998,232.56,469.71562500000005,0,960.0,0,0,0,0.0,0.301,0.298,0.722,0.715,0.08736,10.4832,0.08512,10.2144,0.17248,2.8447999999999984,2.8089599999999995,5.653760000000004
2026-08-11 11:51:52,179.57351953124999,179.57351953124999,89.80335000000001,89.80335000000001,179.57351953124999,89.80335000000001,238.68000000000004,482.0765625,0,419.80833984375,419.80833984375,209.88539999999998,209.88539999999998,419.80833984375,209.88539999999998,232.56,469.71562500000005,0,990.0,0,0,0,0.0,0.301,0.298,0.722,0.715,0.08736,10.4832,0.08512,10.2144,0.17248,2.9321599999999983,2.8940799999999993,5.826240000000004
2026-08-11 11:52:22,179.57351953124999,179.57351953124999,89.80335000000001,89.80335000000001,179.57351953124999,89.80335000000001,238.68000000000004,482.0765625,0,419.80833984375,419.80833984375,209.88539999999998,209.88539999999998,419.80833984375,209.88539999999998,232.56,469.71562500000005,0,1020.0,0,0,0,0.0,0.301,0.298,0.722,0.715,0.08736,10.4832,0.08512,10.2144,0.17248,3.019519999999998,2.979199999999999,5.998720000000004
2026-08-11 11:52:52,179.57351953124999,179.57351953124999,89.80335000000001,89.80335000000001,179.57351953124999,89.80335000000001,238.68000000000004,482.0765625,0,419.80833984375,419.80833984375,209.88539999999998,209.88539999999998,419.80833984375,209.88539999999998,232.56,469.71562500000005,0,1050.0,0,0,0,0.0,0.301,0.298,0.722,0.715,0.08736,10.4832,0.08512,10.2144,0.17248,3.106879999999998,3.064319999999999,6.171200000000004
2026-08-11 11:53:22,179.57351953124999,179.57351953124999,89.80335000000001,89.80335000000001,179.57351953124999,89.80335000000001,238.68000000000004,482.0765625,0,419.80833984375,419.80833984375,209.88539999999998,209.88539999999998,419.80833984375,209.88539999999998,232.56,469.71562500000005,0,1080.0,0,0,0,0.0,0.301,0.298,0.722,0.715,0.08736,10.4832,0.08512,10.2144,0.17248,3.194239999999998,3.149439999999999,6.343680000000004
2026-08-11 11:53:52,179.57351953124999,179.57351953124999,89.80335000000001,89.80335000000001,179.57351953124999,89.80335000000001,238.68000000000004,482.0765625,0,419.80833984375,419.80833984375,209.88539999999998,209.88539999999998,419.80833984375,209.88539999999998,232.56,469.71562500000005,0,1110.0,0,0,0,0.0,0.301,0.298,0.722,0.715,0.08736,10.4832,0.08512,10.2144,0.17248,3.281599999999998,3.2345599999999988,6.516160000000005
2026-08-11 11:54:22,167.52160546875,167.52160546875,83.83635000000001,83.83635000000001,167.52160546875,83.83635000000001,238.68000000000004,482.0765625,0,427.44121874999996,427.44121874999996,213.9552,213.9552,427.44121874999996,213.9552,232.56,469.71562500000005,0,1140.0,0,0,0,0.0,0.281,0.278,0.736,0.728,0.08736,10.4832,0.08512,10.2144,0.17248,3.3689599999999977,3.3196799999999986,6.688640000000005
2026-08-11 11:54:52,149.443734375,149.443734375,74.88585,74.88585,149.443734375,74.88585,238.68000000000004,482.0765625,0,237.79353515625002,237.79353515625002,118.89629999999998,118.89629999999998,237.79353515625002,118.89629999999998,232.56,469.71562500000005,0,1170.0,0,0,0,0.0,0.251,0.248,0.409,0.405,0.08736,10.4832,0.08512,10.2144,0.17248,3.4563199999999976,3.4047999999999985,6.861120000000005
2026-08-11 11:55:22,119.916544921875,119.916544921875,59.96835000000001,59.96835000000001,119.916544921875,59.96835000000001,238.68000000000004,482.0765625,0,51.66871875,51.66871875,25.8723,25.8723,51.66871875,25.8723,232.56,469.71562500000005,0,1200.0,0,0,0,0.0,0.201,0.199,0.089,0.088,0.08736,10.4832,0.08512,10.2144,0.17248,3.5436799999999975,3.4899199999999984,7.033600000000005
2026-08-11 11:55:52,119.916544921875,119.916544921875,59.96835000000001,59.96835000000001,119.916544921875,59.96835000000001,238.68000000000004,482.0765625,0,0.0,0.0,0.0,0.0,0.0,0.0,232.56,469.71562500000005,0,1230.0,0,0,0,0.0,0.201,0.199,0.0,0.0,0.08736,10.4832,0.08512,10.2144,0.17248,3.6310399999999974,3.575039999999998,7.206080000000005
2026-08-11 11:56:22,119.916544921875,119.916544921875,59.96835000000001,59.96835000000001,119.916544921875,59.96835000000001,238.68000000000004,482.0765625,0,0.0,0.0,0.0,0.0,0.0,0.0,232.56,469.71562500000005,0,1260.0,0,0,0,0.0,0.201,0.199,0.0,0.0,0.08736,10.4832,0.08512,10.2144,0.17248,3.7183999999999973,3.660159999999998,7.378560000000006
2026-08-11 11:56:52,119.916544921875,119.916544921875,59.96835000000001,59.96835000000001,119.916544921875,59.96835000000001,238.68000000000004,482.0765625,0,0.0,0.0,0.0,0.0,0.0,0.0,232.56,469.71562500000005,0,1290.0,0,0,0,0.0,0.201,0.199,0.0,0.0,0.08736,10.4832,0.08512,10.2144,0.17248,3.805759999999997,3.745279999999998,7.551040000000006
2026-08-11 11:57:22,119.916544921875,119.916544921875,59.96835000000001,59.96835000000001,119.916544921875,59.96835000000001,238.68000000000004,482.0765625,0,0.0,0.0,0.0,0.0,0.0,0.0,232.56,469.71562500000005,0,1320.0,0,0,0,0.0,0.201,0.199,0.0,0.0,0.08736,10.4832,0.08512,10.2144,0.17248,3.893119999999997,3.830399999999998,7.723520000000006
2026-08-11 11:57:52,119.916544921875,119.916544921875,59.96835000000001,59.96835000000001,119.916544921875,59.96835000000001,238.68000000000004,482.0765625,0,0.0,0.0,0.0,0.0,0.0,0.0,232.56,469.71562500000005,0,1350.0,0,0,0,0.0,0.201,0.199,0.0,0.0,0.08736,10.4832,0.08512,10.2144,0.17248,3.980479999999997,3.9155199999999977,7.896000000000006
2026-08-11 11:58:22,119.916544921875,119.916544921875,59.96835000000001,59.96835000000001,119.916544921875,59.96835000000001,238.68000000000004,482.0765625,0,191.99626171875002,221.9406328125,95.931,110.7567,191.99626171875002,95.931,232.56,469.71562500000005,15,1380.0,15,15,0,0.1388888888888889,0.201,0.199,0.33,0.327,0.08736,10.4832,0.08512,10.2144,0.17248,4.067839999999997,4.000639999999998,8.068480000000006
2026-08-11 11:58:52,287.43815039062497,309.73419140625003,143.8047,154.84365000000003,287.43815039062497,143.8047,238.68000000000004,482.0765625,12,407.4783046875,431.55123046875,203.78069999999997,215.99009999999998,407.4783046875,203.78069999999997,232.56,469.71562500000005,12,1410.0,24,12,12,0.07272727272727272,0.482,0.477,0.701,0.694,0.08736,10.4832,0.08512,10.2144,0.17248,4.155199999999997,4.085759999999998,8.240960000000007
2026-08-11 11:59:22,407.957291015625,407.957291015625,203.77305000000004,203.77305000000004,407.957291015625,203.77305000000004,238.68000000000004,482.0765625,0,431.55123046875,431.55123046875,215.99009999999998,215.99009999999998,431.55123046875,215.99009999999998,232.56,469.71562500000005,0,1440.0,0,0,0,0.0,0.683,0.677,0.743,0.735,0.08736,10.4832,0.08512,10.2144,0.17248,4.2425599999999974,4.170879999999998,8.413440000000007
2026-08-11 11:59:52,407.957291015625,407.957291015625,203.77305000000004,203.77305000000004,407.957291015625,203.77305000000004,238.68000000000004,482.0765625,0,431.55123046875,431.55123046875,215.99009999999998,215.99009999999998,431.55123046875,215.99009999999998,232.56,469.71562500000005,0,1470.0,0,0,0,0.0,0.683,0.677,0.743,0.735,0.08736,10.4832,0.08512,10.2144,0.17248,4.329919999999998,4.255999999999998,8.585920000000007
2026-08-11 12:00:22,407.957291015625,407.957291015625,203.77305000000004,203.77305000000004,407.957291015625,203.77305000000004,238.68000000000004,482.0765625,0,431.55123046875,431.55123046875,215.99009999999998,215.99009999999998,431.55123046875,215.99009999999998,232.56,469.71562500000005,0,1500.0,0,0,0,0.0,0.683,0.677,0.743,0.735,0.08736,10.4832,0.08512,10.2144,0.17248,4.417279999999998,4.341119999999997,8.758400000000007
2026-08-11 12:00:52,407.957291015625,407.957291015625,203.77305000000004,203.77305000000004,407.957291015625,203.77305000000004,238.68000000000004,482.0765625,0,431.55123046875,431.55123046875,215.99009999999998,215.99009999999998,431.55123046875,215.99009999999998,232.56,469.71562500000005,0,1530.0,0,0,0,0.0,0.683,0.677,0.743,0.735,0.08736,10.4832,0.08512,10.2144,0.17248,4.504639999999998,4.426239999999997,8.930880000000007
2026-08-11 12:01:22,407.957291015625,407.957291015625,203.77305000000004,203.77305000000004,407.957291015625,203.77305000000004,238.68000000000004,482.0765625,0,431.55123046875,431.55123046875,215.99009999999998,215.99009999999998,431.55123046875,215.99009999999998,232.56,469.71562500000005,0,1560.0,0,0,0,0.0,0.683,0.677,0.743,0.735,0.08736,10.4832,0.08512,10.2144,0.17248,4.591999999999999,4.511359999999997,9.103360000000007
2026-08-11 12:01:52,407.957291015625,407.957291015625,203.77305000000004,203.77305000000004,407.957291015625,203.77305000000004,238.68000000000004,482.0765625,0,431.55123046875,431.55123046875,215.99009999999998,215.99009999999998,431.55123046875,215.99009999999998,232.56,469.71562500000005,0,1590.0,0,0,0,0.0,0.683,0.677,0.743,0.735,0.08736,10.4832,0.08512,10.2144,0.17248,4.679359999999999,4.596479999999997,9.275840000000008
2026-08-11 12:02:22,407.957291015625,407.957291015625,203.77305000000004,203.77305000000004,407.957291015625,203.77305000000004,238.68000000000004,482.0765625,0,431.55123046875,431.55123046875,215.99009999999998,215.99009999999998,431.55123046875,215.99009999999998,232.56,469.71562500000005,0,1620.0,0,0,0,0.0,0.683,0.677,0.743,0.735,0.08736,10.4832,0.08512,10.2144,0.17248,4.766719999999999,4.681599999999997,9.448320000000008
2026-08-11 12:02:52,407.957291015625,407.957291015625,203.77305000000004,203.77305000000004,407.957291015625,203.77305000000004,238.68000000000004,482.0765625,0,431.55123046875,431.55123046875,215.99009999999998,215.99009999999998,431.55123046875,215.99009999999998,232.56,469.71562500000005,0,1650.0,0,0,0,0.0,0.683,0.677,0.743,0.735,0.08736,10.4832,0.08512,10.2144,0.17248,4.85408,4.766719999999997,9.620800000000008
2026-08-11 12:03:22,407.957291015625,407.957291015625,203.77305000000004,203.77305000000004,407.957291015625,203.77305000000004,238.68000000000004,482.0765625,0,431.55123046875,431.55123046875,215.99009999999998,215.99009999999998,431.55123046875,215.99009999999998,232.56,469.71562500000005,0,1680.0,0,0,0,0.0,0.683,0.677,0.743,0.735,0.08736,10.4832,0.08512,10.2144,0.17248,4.94144,4.851839999999997,9.793280000000008
2026-08-11 12:03:52,407.957291015625,407.957291015625,203.77305000000004,203.77305000000004,407.957291015625,203.77305000000004,238.68000000000004,482.0765625,0,431.55123046875,431.55123046875,215.99009999999998,215.99009999999998,431.55123046875,215.99009999999998,232.56,469.71562500000005,0,1710.0,0,0,0,0.0,0.683,0.677,0.743,0.735,0.08736,10.4832,0.08512,10.2144,0.17248,5.0288,4.9369599999999965,9.965760000000008
2026-08-11 12:04:22,407.957291015625,407.957291015625,203.77305000000004,203.77305000000004,407.957291015625,203.77305000000004,238.68000000000004,482.0765625,0,431.55123046875,431.55123046875,215.99009999999998,215.99009999999998,431.55123046875,215.99009999999998,232.56,469.71562500000005,0,1740.0,0,0,0,0.0,0.683,0.677,0.743,0.735,0.08736,10.4832,0.08512,10.2144,0.17248,5.116160000000001,5.022079999999996,10.138240000000009
2026-08-11 12:04:52,407.957291015625,407.957291015625,203.77305000000004,203.77305000000004,407.957291015625,203.77305000000004,238.68000000000004,482.0765625,0,431.55123046875,431.55123046875,215.99009999999998,215.99009999999998,431.55123046875,215.99009999999998,232.56,469.71562500000005,0,1770.0,0,0,0,0.0,0.683,0.677,0.743,0.735,0.08736,10.4832,0.08512,10.2144,0.17248,5.203520000000001,5.107199999999996,10.310720000000009
